date,facebook_ad_campaign,facebook_ad_views,facebook_ad_clicks,facebook_ad_conversions,cost_per_facebook_ad,facebook_click_through_rate,facebook_conversion_rate,facebook_cost_per_click,adwords_ad_campaign,adwords_ad_views,adwords_ad_clicks,adwords_ad_conversions,cost_per_adwords_ad,adwords_click_through_rate,adwords_conversion_rate,adwords_cost_per_click,facebook_conversion_category,adwords_conversion_category
2019-01-01,FB_Jan19,2116,18,8,126.0,0.83,42.73,7.14,AW_Jan19,4984,59,5,194.0,1.18,8.4,3.3,6 - 10,less than 6
2019-01-02,FB_Jan19,3106,36,12,104.0,1.15,34.04,2.91,AW_Jan19,4022,71,6,75.0,1.77,7.8,1.05,10 - 15,6 - 10
2019-01-03,FB_Jan19,3105,26,8,102.0,0.84,31.45,3.89,AW_Jan19,3863,44,4,141.0,1.13,9.59,3.23,6 - 10,less than 6
2019-01-04,FB_Jan19,1107,27,9,71.0,2.45,34.76,2.62,AW_Jan19,3911,49,5,141.0,1.26,11.08,2.86,6 - 10,less than 6
2019-01-05,FB_Jan19,1317,15,7,78.0,1.1,47.59,5.38,AW_Jan19,4070,55,7,133.0,1.36,12.22,2.4,6 - 10,6 - 10
2019-01-06,FB_Jan19,1958,37,10,113.0,1.86,28.22,3.08,AW_Jan19,4052,51,4,135.0,1.25,6.97,2.65,6 - 10,less than 6
2019-01-07,FB_Jan19,2941,49,15,37.0,1.66,30.22,0.76,AW_Jan19,3845,66,7,90.0,1.72,11.07,1.37,10 - 15,6 - 10
2019-01-08,FB_Jan19,2805,49,12,105.0,1.74,24.09,2.14,AW_Jan19,5147,69,4,153.0,1.34,6.45,2.22,10 - 15,less than 6
2019-01-09,FB_Jan19,2520,36,12,96.0,1.44,33.74,2.63,AW_Jan19,3861,82,9,140.0,2.12,11.12,1.71,10 - 15,6 - 10
2019-01-10,FB_Jan19,1896,41,13,62.0,2.15,32.29,1.53,AW_Jan19,4938,48,5,147.0,0.98,11.19,3.03,10 - 15,less than 6
2019-01-11,FB_Jan19,1828,51,14,41.0,2.78,27.86,0.8,AW_Jan19,4351,58,7,84.0,1.33,11.91,1.46,10 - 15,6 - 10
2019-01-12,FB_Jan19,1553,56,14,123.0,3.61,25.36,2.19,AW_Jan19,5442,68,8,177.0,1.25,12.37,2.61,10 - 15,6 - 10
2019-01-13,FB_Jan19,1699,48,12,88.0,2.84,24.15,1.83,AW_Jan19,4283,83,7,158.0,1.93,8.63,1.91,10 - 15,6 - 10
2019-01-14,FB_Jan19,1803,42,11,67.0,2.35,27.08,1.58,AW_Jan19,4060,78,9,91.0,1.92,11.41,1.16,10 - 15,6 - 10
2019-01-15,FB_Jan19,1493,56,12,59.0,3.74,21.79,1.05,AW_Jan19,3957,36,3,165.0,0.91,7.76,4.55,10 - 15,less than 6
2019-01-16,FB_Jan19,2493,31,7,92.0,1.23,23.26,3.01,AW_Jan19,3925,48,6,96.0,1.21,13.41,2.02,6 - 10,6 - 10
2019-01-17,FB_Jan19,2903,28,10,102.0,0.97,34.13,3.61,AW_Jan19,5147,52,5,130.0,1.02,8.82,2.49,6 - 10,less than 6
2019-01-18,FB_Jan19,1916,40,13,95.0,2.08,32.53,2.38,AW_Jan19,5412,49,6,167.0,0.9,13.2,3.43,10 - 15,6 - 10
2019-01-19,FB_Jan19,2805,30,8,67.0,1.06,26.73,2.27,AW_Jan19,4370,68,4,165.0,1.55,6.47,2.42,6 - 10,less than 6
2019-01-20,FB_Jan19,2478,50,13,66.0,2.02,26.0,1.31,AW_Jan19,4580,81,7,119.0,1.77,8.71,1.47,10 - 15,6 - 10
2019-01-21,FB_Jan19,2365,33,8,97.0,1.39,23.05,2.97,AW_Jan19,5259,49,3,188.0,0.94,7.02,3.81,6 - 10,less than 6
2019-01-22,FB_Jan19,3106,46,12,102.0,1.49,26.47,2.2,AW_Jan19,4873,43,4,148.0,0.88,9.65,3.43,10 - 15,less than 6
2019-01-23,FB_Jan19,1796,28,10,85.0,1.55,34.39,3.04,AW_Jan19,5432,63,7,112.0,1.15,11.38,1.79,6 - 10,6 - 10
2019-01-24,FB_Jan19,1932,43,12,106.0,2.25,26.91,2.45,AW_Jan19,3839,80,6,151.0,2.08,7.51,1.89,10 - 15,6 - 10
2019-01-25,FB_Jan19,1625,52,13,50.0,3.21,25.75,0.96,AW_Jan19,3714,50,7,141.0,1.34,15.05,2.82,10 - 15,6 - 10
2019-01-26,FB_Jan19,1845,24,6,89.0,1.29,24.2,3.73,AW_Jan19,5540,53,4,177.0,0.96,6.88,3.32,6 - 10,less than 6
2019-01-27,FB_Jan19,2106,45,11,111.0,2.16,24.41,2.44,AW_Jan19,5506,77,6,126.0,1.4,7.59,1.64,10 - 15,6 - 10
2019-01-28,FB_Jan19,2690,55,13,51.0,2.06,23.61,0.93,AW_Jan19,4152,44,7,171.0,1.06,16.4,3.9,10 - 15,6 - 10
2019-01-29,FB_Jan19,1265,43,11,43.0,3.43,24.61,0.98,AW_Jan19,4769,78,8,82.0,1.63,10.14,1.05,10 - 15,6 - 10
2019-01-30,FB_Jan19,2781,28,11,84.0,0.99,38.18,3.06,AW_Jan19,5690,42,5,95.0,0.74,12.11,2.25,10 - 15,less than 6
2019-01-31,FB_Jan19,2313,31,7,82.0,1.33,23.25,2.65,AW_Jan19,4499,50,4,192.0,1.12,6.98,3.8,6 - 10,less than 6
2019-02-01,FB_Feb19,2318,25,9,86.0,1.06,36.26,3.49,AW_Feb19,4051,72,6,113.0,1.78,7.78,1.56,6 - 10,6 - 10
2019-02-02,FB_Feb19,3004,26,7,94.0,0.88,27.6,3.58,AW_Feb19,4788,76,6,93.0,1.59,7.62,1.21,6 - 10,6 - 10
2019-02-03,FB_Feb19,2345,25,10,143.0,1.08,39.69,5.63,AW_Feb19,4417,41,5,112.0,0.93,12.29,2.71,6 - 10,less than 6
2019-02-04,FB_Feb19,1874,56,13,48.0,2.99,23.57,0.86,AW_Feb19,4182,49,5,147.0,1.17,11.15,3.02,10 - 15,less than 6
2019-02-05,FB_Feb19,1359,41,11,107.0,3.05,27.25,2.59,AW_Feb19,4168,78,9,98.0,1.87,11.41,1.26,10 - 15,6 - 10
2019-02-06,FB_Feb19,2109,34,9,110.0,1.59,25.95,3.26,AW_Feb19,4426,69,7,133.0,1.57,10.77,1.92,6 - 10,6 - 10
2019-02-07,FB_Feb19,2799,31,10,61.0,1.12,32.74,1.94,AW_Feb19,4787,58,7,171.0,1.22,11.87,2.93,6 - 10,6 - 10
2019-02-08,FB_Feb19,1265,41,13,86.0,3.25,32.17,2.09,AW_Feb19,5475,48,4,120.0,0.87,9.18,2.51,10 - 15,less than 6
2019-02-09,FB_Feb19,2566,41,13,64.0,1.58,32.35,1.58,AW_Feb19,4202,44,4,100.0,1.05,9.54,2.26,10 - 15,less than 6
2019-02-10,FB_Feb19,2279,35,12,92.0,1.55,34.12,2.59,AW_Feb19,4614,43,5,136.0,0.94,11.95,3.14,10 - 15,less than 6
2019-02-11,FB_Feb19,1781,29,9,129.0,1.61,30.45,4.49,AW_Feb19,4758,71,8,132.0,1.48,10.67,1.87,6 - 10,6 - 10
2019-02-12,FB_Feb19,2984,54,16,121.0,1.82,29.19,2.22,AW_Feb19,5119,74,5,130.0,1.45,6.35,1.75,more than 15,less than 6
2019-02-13,FB_Feb19,2692,40,10,34.0,1.48,25.01,0.86,AW_Feb19,4554,74,5,113.0,1.62,6.35,1.52,6 - 10,less than 6
2019-02-14,FB_Feb19,2517,31,8,53.0,1.21,26.56,1.72,AW_Feb19,5202,80,8,102.0,1.54,10.01,1.27,6 - 10,6 - 10
2019-02-15,FB_Feb19,2116,42,10,84.0,1.99,24.75,1.99,AW_Feb19,4157,40,3,104.0,0.97,7.49,2.57,6 - 10,less than 6
2019-02-16,FB_Feb19,3080,26,7,53.0,0.83,27.81,2.09,AW_Feb19,4336,63,8,154.0,1.45,12.97,2.46,6 - 10,6 - 10
2019-02-17,FB_Feb19,2839,31,10,113.0,1.1,32.86,3.62,AW_Feb19,3863,36,7,172.0,0.94,18.81,4.75,6 - 10,6 - 10
2019-02-18,FB_Feb19,3299,31,9,115.0,0.92,29.84,3.78,AW_Feb19,4947,74,7,173.0,1.5,9.05,2.34,6 - 10,6 - 10
2019-02-19,FB_Feb19,1531,48,11,67.0,3.11,22.1,1.41,AW_Feb19,5499,62,4,155.0,1.12,6.62,2.52,10 - 15,less than 6
2019-02-20,FB_Feb19,2324,34,11,46.0,1.47,31.7,1.34,AW_Feb19,5347,67,7,97.0,1.24,11.01,1.46,10 - 15,6 - 10
2019-02-21,FB_Feb19,1063,32,8,104.0,3.01,26.25,3.24,AW_Feb19,4711,64,7,197.0,1.35,11.29,3.1,6 - 10,6 - 10
2019-02-22,FB_Feb19,3238,48,11,119.0,1.48,22.09,2.49,AW_Feb19,4702,61,8,136.0,1.29,13.24,2.24,10 - 15,6 - 10
2019-02-23,FB_Feb19,1662,28,7,118.0,1.68,23.57,4.22,AW_Feb19,5254,74,5,97.0,1.42,6.34,1.31,6 - 10,less than 6
2019-02-24,FB_Feb19,1110,51,14,67.0,4.55,27.92,1.33,AW_Feb19,4892,71,9,144.0,1.46,12.01,2.01,10 - 15,6 - 10
2019-02-25,FB_Feb19,3122,44,11,70.0,1.42,24.51,1.59,AW_Feb19,4226,52,4,152.0,1.22,6.94,2.94,10 - 15,less than 6
2019-02-26,FB_Feb19,1647,35,12,132.0,2.13,34.29,3.76,AW_Feb19,5466,66,7,131.0,1.2,11.11,2.0,10 - 15,6 - 10
2019-02-27,FB_Feb19,1658,55,15,112.0,3.33,27.23,2.02,AW_Feb19,5083,47,7,103.0,0.93,15.56,2.17,10 - 15,6 - 10
2019-02-28,FB_Feb19,3145,54,12,69.0,1.73,21.84,1.27,AW_Feb19,3952,32,3,152.0,0.81,8.11,4.73,10 - 15,less than 6
2019-03-01,FB_Mar19,3149,46,12,93.0,1.47,26.47,2.01,AW_Mar19,4888,68,4,151.0,1.4,6.46,2.21,10 - 15,less than 6
2019-03-02,FB_Mar19,1608,57,15,92.0,3.55,27.01,1.61,AW_Mar19,3780,51,6,149.0,1.36,10.85,2.91,10 - 15,6 - 10
2019-03-03,FB_Mar19,1742,28,8,118.0,1.62,27.07,4.17,AW_Mar19,3890,42,6,141.0,1.08,14.52,3.36,6 - 10,6 - 10
2019-03-04,FB_Mar19,2504,40,11,59.0,1.58,27.59,1.51,AW_Mar19,4399,50,4,169.0,1.14,6.99,3.35,10 - 15,less than 6
2019-03-05,FB_Mar19,2943,43,13,40.0,1.45,29.39,0.93,AW_Mar19,4296,56,8,131.0,1.31,13.91,2.34,10 - 15,6 - 10
2019-03-06,FB_Mar19,2962,51,14,92.0,1.73,27.83,1.8,AW_Mar19,5520,71,6,110.0,1.29,7.81,1.55,10 - 15,6 - 10
2019-03-07,FB_Mar19,1560,44,13,99.0,2.81,29.11,2.26,AW_Mar19,4462,33,5,126.0,0.74,14.05,3.79,10 - 15,less than 6
2019-03-08,FB_Mar19,1232,24,10,142.0,1.97,40.58,5.84,AW_Mar19,4507,70,9,99.0,1.56,12.12,1.4,6 - 10,6 - 10
2019-03-09,FB_Mar19,1406,29,9,107.0,2.04,30.45,3.71,AW_Mar19,3894,33,7,185.0,0.85,20.06,5.56,6 - 10,6 - 10
2019-03-10,FB_Mar19,1819,22,5,96.0,1.22,24.5,4.32,AW_Mar19,4507,62,5,109.0,1.37,8.23,1.76,less than 6,less than 6
2019-03-11,FB_Mar19,1097,59,15,43.0,5.37,25.09,0.73,AW_Mar19,5154,87,5,179.0,1.69,6.15,2.06,10 - 15,less than 6
2019-03-12,FB_Mar19,1314,43,10,105.0,3.29,22.31,2.44,AW_Mar19,4024,65,7,99.0,1.6,11.2,1.54,6 - 10,6 - 10
2019-03-13,FB_Mar19,1320,61,17,118.0,4.63,28.18,1.93,AW_Mar19,4401,60,4,133.0,1.36,6.68,2.23,more than 15,less than 6
2019-03-14,FB_Mar19,1783,54,15,69.0,3.03,27.39,1.28,AW_Mar19,5493,44,5,140.0,0.8,11.85,3.19,10 - 15,less than 6
2019-03-15,FB_Mar19,1200,39,9,116.0,3.23,22.58,3.0,AW_Mar19,5031,66,8,106.0,1.31,12.6,1.61,6 - 10,6 - 10
2019-03-16,FB_Mar19,2030,33,8,131.0,1.63,23.02,3.96,AW_Mar19,5515,58,4,80.0,1.05,6.73,1.39,6 - 10,less than 6
2019-03-17,FB_Mar19,1890,32,9,95.0,1.71,29.29,2.93,AW_Mar19,5498,54,4,135.0,0.99,6.84,2.49,6 - 10,less than 6
2019-03-18,FB_Mar19,2772,59,17,76.0,2.13,28.46,1.29,AW_Mar19,4667,70,7,96.0,1.49,10.75,1.38,more than 15,6 - 10
2019-03-19,FB_Mar19,1721,28,10,115.0,1.6,34.49,4.17,AW_Mar19,4237,45,4,162.0,1.06,9.46,3.61,6 - 10,less than 6
2019-03-20,FB_Mar19,2049,37,12,54.0,1.8,33.55,1.47,AW_Mar19,5089,34,4,97.0,0.67,10.85,2.85,10 - 15,less than 6
2019-03-21,FB_Mar19,3051,48,11,100.0,1.57,22.08,2.08,AW_Mar19,4239,41,6,112.0,0.97,14.76,2.74,10 - 15,6 - 10
2019-03-22,FB_Mar19,1086,35,11,73.0,3.25,31.33,2.06,AW_Mar19,5077,66,4,166.0,1.29,6.52,2.52,10 - 15,less than 6
2019-03-23,FB_Mar19,2217,36,11,101.0,1.62,31.11,2.81,AW_Mar19,5169,55,8,149.0,1.07,14.03,2.68,10 - 15,6 - 10
2019-03-24,FB_Mar19,2320,54,12,103.0,2.31,21.87,1.91,AW_Mar19,5249,78,9,99.0,1.48,11.42,1.27,10 - 15,6 - 10
2019-03-25,FB_Mar19,2279,41,10,75.0,1.8,24.88,1.83,AW_Mar19,5598,41,3,159.0,0.73,7.45,3.89,6 - 10,less than 6
2019-03-26,FB_Mar19,3169,40,13,107.0,1.25,32.66,2.7,AW_Mar19,3894,68,5,182.0,1.74,7.95,2.68,10 - 15,less than 6
2019-03-27,FB_Mar19,1292,36,9,140.0,2.82,25.49,3.84,AW_Mar19,4192,74,7,109.0,1.78,9.03,1.47,6 - 10,6 - 10
2019-03-28,FB_Mar19,2390,39,10,110.0,1.62,25.15,2.83,AW_Mar19,3959,62,5,83.0,1.56,8.23,1.34,6 - 10,less than 6
2019-03-29,FB_Mar19,1845,25,6,71.0,1.34,24.03,2.88,AW_Mar19,5200,40,5,159.0,0.77,12.53,3.98,6 - 10,less than 6
2019-03-30,FB_Mar19,2202,41,11,115.0,1.88,27.25,2.79,AW_Mar19,3826,67,5,100.0,1.74,8.01,1.51,10 - 15,less than 6
2019-03-31,FB_Mar19,2895,42,11,48.0,1.44,27.19,1.16,AW_Mar19,5082,79,9,148.0,1.55,11.35,1.88,10 - 15,6 - 10
2019-04-01,FB_Apr19,2628,30,7,99.0,1.13,23.38,3.35,AW_Apr19,4372,59,5,140.0,1.35,8.38,2.36,6 - 10,less than 6
2019-04-02,FB_Apr19,1910,39,10,59.0,2.05,25.1,1.51,AW_Apr19,4846,73,9,113.0,1.5,11.89,1.56,6 - 10,6 - 10
2019-04-03,FB_Apr19,2700,34,12,43.0,1.26,34.66,1.26,AW_Apr19,3867,56,7,171.0,1.46,12.1,3.03,10 - 15,6 - 10
2019-04-04,FB_Apr19,1558,52,14,65.0,3.34,27.69,1.25,AW_Apr19,4501,82,5,117.0,1.82,6.22,1.43,10 - 15,less than 6
2019-04-05,FB_Apr19,1149,53,13,126.0,4.61,23.77,2.38,AW_Apr19,4690,62,5,157.0,1.32,8.24,2.54,10 - 15,less than 6
2019-04-06,FB_Apr19,2703,35,9,102.0,1.28,25.76,2.94,AW_Apr19,4692,76,6,182.0,1.62,7.64,2.4,6 - 10,6 - 10
2019-04-07,FB_Apr19,2970,44,10,108.0,1.49,22.25,2.43,AW_Apr19,3867,35,5,114.0,0.91,13.52,3.23,6 - 10,less than 6
2019-04-08,FB_Apr19,1768,26,6,58.0,1.48,23.83,2.23,AW_Apr19,4604,61,4,122.0,1.32,6.64,2.0,6 - 10,less than 6
2019-04-09,FB_Apr19,2888,40,9,60.0,1.39,22.49,1.5,AW_Apr19,3945,65,7,185.0,1.65,11.15,2.85,6 - 10,6 - 10
2019-04-10,FB_Apr19,1312,57,16,92.0,4.32,28.83,1.62,AW_Apr19,3900,83,9,90.0,2.13,11.03,1.08,more than 15,6 - 10
2019-04-11,FB_Apr19,1128,36,10,70.0,3.16,28.43,1.96,AW_Apr19,4618,35,5,110.0,0.76,13.52,3.14,6 - 10,less than 6
2019-04-12,FB_Apr19,1924,22,6,74.0,1.16,28.97,3.3,AW_Apr19,4828,44,3,173.0,0.91,7.27,3.92,6 - 10,less than 6
2019-04-13,FB_Apr19,1786,43,13,69.0,2.39,29.37,1.61,AW_Apr19,5266,57,5,109.0,1.09,8.49,1.9,10 - 15,less than 6
2019-04-14,FB_Apr19,2135,57,12,114.0,2.68,21.75,2.0,AW_Apr19,5708,76,7,160.0,1.34,8.93,2.1,10 - 15,6 - 10
2019-04-15,FB_Apr19,1642,39,13,80.0,2.38,32.79,2.05,AW_Apr19,3986,48,7,152.0,1.2,15.44,3.18,10 - 15,6 - 10
2019-04-16,FB_Apr19,2252,36,10,114.0,1.59,28.36,3.18,AW_Apr19,5091,62,8,150.0,1.22,13.08,2.42,6 - 10,6 - 10
2019-04-17,FB_Apr19,1132,58,16,78.0,5.1,26.93,1.35,AW_Apr19,4629,45,7,135.0,0.97,16.12,3.01,more than 15,6 - 10
2019-04-18,FB_Apr19,1163,36,10,66.0,3.1,28.31,1.84,AW_Apr19,3812,34,4,92.0,0.9,10.84,2.69,6 - 10,less than 6
2019-04-19,FB_Apr19,3209,33,12,108.0,1.03,35.15,3.26,AW_Apr19,4171,51,8,171.0,1.23,14.76,3.34,10 - 15,6 - 10
2019-04-20,FB_Apr19,3269,43,12,89.0,1.31,26.99,2.07,AW_Apr19,5488,85,8,154.0,1.55,9.72,1.81,10 - 15,6 - 10
2019-04-21,FB_Apr19,3217,62,16,120.0,1.94,26.42,1.92,AW_Apr19,4850,59,4,154.0,1.22,6.69,2.61,more than 15,less than 6
2019-04-22,FB_Apr19,2186,45,10,126.0,2.06,22.22,2.8,AW_Apr19,5494,67,8,173.0,1.22,12.47,2.58,6 - 10,6 - 10
2019-04-23,FB_Apr19,2414,51,14,111.0,2.1,27.91,2.2,AW_Apr19,4570,77,9,132.0,1.68,11.51,1.72,10 - 15,6 - 10
2019-04-24,FB_Apr19,1744,19,8,90.0,1.09,41.05,4.75,AW_Apr19,5096,60,7,157.0,1.18,11.68,2.62,6 - 10,6 - 10
2019-04-25,FB_Apr19,2910,39,11,48.0,1.33,27.75,1.24,AW_Apr19,4057,53,6,108.0,1.31,10.64,2.03,10 - 15,6 - 10
2019-04-26,FB_Apr19,2788,59,15,111.0,2.11,25.09,1.88,AW_Apr19,3896,84,5,170.0,2.15,6.19,2.03,10 - 15,less than 6
2019-04-27,FB_Apr19,1525,53,16,58.0,3.48,29.43,1.09,AW_Apr19,4572,37,3,167.0,0.81,7.69,4.5,more than 15,less than 6
2019-04-28,FB_Apr19,3249,36,11,55.0,1.09,31.27,1.56,AW_Apr19,5734,67,8,155.0,1.17,12.48,2.32,10 - 15,6 - 10
2019-04-29,FB_Apr19,1624,31,7,114.0,1.91,23.23,3.67,AW_Apr19,4642,57,7,154.0,1.24,11.97,2.68,6 - 10,6 - 10
2019-04-30,FB_Apr19,1541,21,6,107.0,1.36,29.52,5.1,AW_Apr19,5508,83,8,187.0,1.51,9.82,2.26,6 - 10,6 - 10
2019-05-01,FB_May19,1168,52,11,42.0,4.43,21.93,0.81,AW_May19,4405,70,5,171.0,1.59,6.42,2.44,10 - 15,less than 6
2019-05-02,FB_May19,2301,54,15,64.0,2.36,27.35,1.18,AW_May19,4750,67,5,111.0,1.42,7.97,1.65,10 - 15,less than 6
2019-05-03,FB_May19,1332,35,8,121.0,2.61,22.88,3.48,AW_May19,4360,37,5,123.0,0.85,13.06,3.29,6 - 10,less than 6
2019-05-04,FB_May19,2771,48,12,103.0,1.74,24.14,2.13,AW_May19,4349,58,4,150.0,1.33,6.73,2.59,10 - 15,less than 6
2019-05-05,FB_May19,2564,53,16,62.0,2.07,29.42,1.18,AW_May19,4434,68,4,153.0,1.54,6.46,2.23,more than 15,less than 6
2019-05-06,FB_May19,1736,25,7,69.0,1.46,27.87,2.73,AW_May19,4465,72,9,126.0,1.62,11.93,1.74,6 - 10,6 - 10
2019-05-07,FB_May19,2923,25,7,99.0,0.86,27.97,3.93,AW_May19,4158,60,5,153.0,1.44,8.33,2.56,6 - 10,less than 6
2019-05-08,FB_May19,1587,58,17,82.0,3.62,28.7,1.43,AW_May19,5325,41,5,115.0,0.77,12.35,2.81,more than 15,less than 6
2019-05-09,FB_May19,1960,41,9,130.0,2.09,22.44,3.18,AW_May19,5078,40,5,94.0,0.79,12.47,2.33,6 - 10,less than 6
2019-05-10,FB_May19,3320,47,13,112.0,1.42,28.46,2.37,AW_May19,5086,49,7,120.0,0.97,15.13,2.43,10 - 15,6 - 10
2019-05-11,FB_May19,1909,34,10,53.0,1.76,28.93,1.58,AW_May19,4724,52,5,134.0,1.09,8.88,2.6,6 - 10,less than 6
2019-05-12,FB_May19,1702,42,13,60.0,2.49,31.79,1.42,AW_May19,4146,78,7,154.0,1.88,8.84,1.98,10 - 15,6 - 10
2019-05-13,FB_May19,2281,33,9,56.0,1.46,25.99,1.66,AW_May19,5327,83,8,139.0,1.55,9.83,1.68,6 - 10,6 - 10
2019-05-14,FB_May19,1467,54,12,79.0,3.67,21.86,1.46,AW_May19,4117,38,6,182.0,0.93,15.48,4.77,10 - 15,6 - 10
2019-05-15,FB_May19,3043,44,12,96.0,1.46,26.77,2.16,AW_May19,5687,41,7,75.0,0.72,17.21,1.83,10 - 15,6 - 10
2019-05-16,FB_May19,2530,50,15,76.0,1.97,30.04,1.52,AW_May19,4657,72,5,127.0,1.54,6.4,1.77,10 - 15,less than 6
2019-05-17,FB_May19,2483,59,17,46.0,2.39,28.43,0.77,AW_May19,4438,54,6,134.0,1.23,10.51,2.47,more than 15,6 - 10
2019-05-18,FB_May19,2648,23,9,129.0,0.88,37.17,5.53,AW_May19,5640,36,4,171.0,0.64,10.52,4.71,6 - 10,less than 6
2019-05-19,FB_May19,2948,59,13,49.0,2.0,21.69,0.83,AW_May19,5458,54,5,148.0,0.99,8.7,2.74,10 - 15,less than 6
2019-05-20,FB_May19,1368,36,10,114.0,2.66,28.24,3.14,AW_May19,3814,55,5,83.0,1.44,8.63,1.51,6 - 10,less than 6
2019-05-21,FB_May19,2684,42,10,86.0,1.55,24.82,2.07,AW_May19,5526,45,6,104.0,0.81,13.9,2.3,6 - 10,6 - 10
2019-05-22,FB_May19,2615,29,7,55.0,1.12,23.41,1.86,AW_May19,5531,83,8,118.0,1.5,9.82,1.42,6 - 10,6 - 10
2019-05-23,FB_May19,1511,26,7,44.0,1.69,27.81,1.72,AW_May19,4585,55,8,166.0,1.21,14.04,3.01,6 - 10,6 - 10
2019-05-24,FB_May19,2158,23,6,85.0,1.07,24.33,3.68,AW_May19,4970,41,6,101.0,0.83,14.72,2.46,6 - 10,6 - 10
2019-05-25,FB_May19,3085,48,13,43.0,1.55,26.28,0.91,AW_May19,4768,73,6,135.0,1.52,7.76,1.85,10 - 15,6 - 10
2019-05-26,FB_May19,2806,46,14,50.0,1.64,30.85,1.08,AW_May19,4140,77,5,170.0,1.87,6.29,2.2,10 - 15,less than 6
2019-05-27,FB_May19,1239,37,12,110.0,2.98,33.55,2.99,AW_May19,4692,88,5,75.0,1.87,6.14,0.85,10 - 15,less than 6
2019-05-28,FB_May19,2244,36,9,99.0,1.6,25.59,2.76,AW_May19,4842,63,4,112.0,1.3,6.59,1.78,6 - 10,less than 6
2019-05-29,FB_May19,2767,37,8,43.0,1.32,22.74,1.17,AW_May19,4845,60,7,119.0,1.23,11.7,2.0,6 - 10,6 - 10
2019-05-30,FB_May19,2630,41,11,84.0,1.57,27.28,2.03,AW_May19,5544,76,8,142.0,1.37,10.26,1.86,10 - 15,6 - 10
2019-05-31,FB_May19,1831,23,9,94.0,1.25,37.47,4.12,AW_May19,4628,48,4,113.0,1.03,9.19,2.37,6 - 10,less than 6
2019-06-01,FB_Jun19,1586,40,13,79.0,2.5,32.59,2.0,AW_Jun19,4003,58,6,84.0,1.45,10.19,1.46,10 - 15,6 - 10
2019-06-02,FB_Jun19,1670,35,11,107.0,2.11,31.33,3.02,AW_Jun19,5223,45,5,178.0,0.86,11.67,3.95,10 - 15,less than 6
2019-06-03,FB_Jun19,2686,61,16,73.0,2.27,26.57,1.19,AW_Jun19,4953,56,7,179.0,1.13,12.14,3.19,more than 15,6 - 10
2019-06-04,FB_Jun19,1380,36,9,99.0,2.64,25.49,2.72,AW_Jun19,5298,73,5,167.0,1.38,6.37,2.28,6 - 10,less than 6
2019-06-05,FB_Jun19,2075,48,13,84.0,2.3,26.28,1.75,AW_Jun19,4716,48,7,133.0,1.03,15.33,2.75,10 - 15,6 - 10
2019-06-06,FB_Jun19,2421,22,7,112.0,0.92,33.45,5.01,AW_Jun19,5353,71,5,163.0,1.32,6.42,2.31,6 - 10,less than 6
2019-06-07,FB_Jun19,2433,46,14,46.0,1.87,30.96,1.01,AW_Jun19,4883,70,5,114.0,1.43,7.87,1.64,10 - 15,less than 6
2019-06-08,FB_Jun19,2944,56,15,107.0,1.9,27.16,1.92,AW_Jun19,5457,60,5,141.0,1.1,8.33,2.35,10 - 15,less than 6
2019-06-09,FB_Jun19,1288,35,8,76.0,2.69,22.89,2.19,AW_Jun19,3887,56,7,124.0,1.45,12.12,2.2,6 - 10,6 - 10
2019-06-10,FB_Jun19,1719,29,11,71.0,1.66,37.54,2.48,AW_Jun19,3773,85,5,174.0,2.25,6.18,2.05,10 - 15,less than 6
2019-06-11,FB_Jun19,1868,44,10,144.0,2.34,22.28,3.29,AW_Jun19,4899,53,7,121.0,1.08,12.53,2.27,6 - 10,6 - 10
2019-06-12,FB_Jun19,1799,40,13,57.0,2.21,32.59,1.43,AW_Jun19,4545,80,6,119.0,1.76,7.5,1.49,10 - 15,6 - 10
2019-06-13,FB_Jun19,3055,50,13,88.0,1.65,25.95,1.75,AW_Jun19,4247,54,8,184.0,1.27,14.26,3.41,10 - 15,6 - 10
2019-06-14,FB_Jun19,2095,31,9,82.0,1.48,29.65,2.63,AW_Jun19,3874,59,4,128.0,1.53,6.69,2.16,6 - 10,less than 6
2019-06-15,FB_Jun19,2673,33,9,56.0,1.23,26.1,1.7,AW_Jun19,4456,40,4,188.0,0.9,10.0,4.7,6 - 10,less than 6
2019-06-16,FB_Jun19,1527,39,11,56.0,2.57,27.63,1.42,AW_Jun19,5318,75,9,189.0,1.41,11.65,2.51,10 - 15,6 - 10
2019-06-17,FB_Jun19,1505,54,16,63.0,3.58,29.29,1.17,AW_Jun19,4854,53,8,113.0,1.08,14.52,2.14,more than 15,6 - 10
2019-06-18,FB_Jun19,1377,54,14,89.0,3.88,25.61,1.67,AW_Jun19,5654,84,7,186.0,1.48,8.58,2.22,10 - 15,6 - 10
2019-06-19,FB_Jun19,2314,30,7,79.0,1.3,23.33,2.64,AW_Jun19,5237,78,9,109.0,1.49,11.43,1.4,6 - 10,6 - 10
2019-06-20,FB_Jun19,1944,58,17,104.0,2.97,28.65,1.8,AW_Jun19,5277,76,6,91.0,1.44,7.63,1.2,more than 15,6 - 10
2019-06-21,FB_Jun19,2416,36,10,83.0,1.47,28.45,2.34,AW_Jun19,5313,67,8,174.0,1.25,12.51,2.61,6 - 10,6 - 10
2019-06-22,FB_Jun19,1709,34,10,134.0,1.98,28.88,3.95,AW_Jun19,5146,80,6,168.0,1.56,7.5,2.1,6 - 10,6 - 10
2019-06-23,FB_Jun19,1257,33,9,132.0,2.64,26.02,3.97,AW_Jun19,4438,52,5,104.0,1.18,8.82,1.99,6 - 10,less than 6
2019-06-24,FB_Jun19,1974,53,12,58.0,2.68,21.89,1.1,AW_Jun19,4037,50,7,100.0,1.25,12.94,1.99,10 - 15,6 - 10
2019-06-25,FB_Jun19,1796,48,12,102.0,2.68,24.16,2.12,AW_Jun19,3833,71,5,180.0,1.86,6.4,2.52,10 - 15,less than 6
2019-06-26,FB_Jun19,2523,40,9,52.0,1.59,22.5,1.31,AW_Jun19,5032,50,4,168.0,1.0,6.98,3.34,6 - 10,less than 6
2019-06-27,FB_Jun19,1941,39,9,87.0,1.99,22.59,2.25,AW_Jun19,4981,81,9,130.0,1.62,11.18,1.61,6 - 10,6 - 10
2019-06-28,FB_Jun19,2287,34,12,84.0,1.48,34.79,2.5,AW_Jun19,4790,65,5,105.0,1.35,8.1,1.63,10 - 15,less than 6
2019-06-29,FB_Jun19,1951,46,11,129.0,2.33,24.4,2.83,AW_Jun19,4683,48,7,149.0,1.02,15.5,3.13,10 - 15,6 - 10
2019-06-30,FB_Jun19,1937,55,13,48.0,2.81,23.67,0.89,AW_Jun19,4284,54,6,161.0,1.25,10.6,3.01,10 - 15,6 - 10
2019-07-01,FB_Jul19,1265,42,10,68.0,3.32,24.76,1.62,AW_Jul19,4557,75,7,160.0,1.65,9.0,2.13,6 - 10,6 - 10
2019-07-02,FB_Jul19,1527,31,7,62.0,2.02,23.25,2.01,AW_Jul19,5740,74,8,81.0,1.29,10.39,1.09,6 - 10,6 - 10
2019-07-03,FB_Jul19,1824,30,7,95.0,1.63,23.37,3.19,AW_Jul19,3823,85,6,110.0,2.22,7.36,1.3,6 - 10,6 - 10
2019-07-04,FB_Jul19,1372,47,12,119.0,3.41,26.41,2.55,AW_Jul19,5207,54,6,161.0,1.03,10.61,3.0,10 - 15,6 - 10
2019-07-05,FB_Jul19,2338,40,13,41.0,1.69,32.66,1.04,AW_Jul19,4209,43,7,129.0,1.03,16.59,2.99,10 - 15,6 - 10
2019-07-06,FB_Jul19,1534,33,10,98.0,2.17,29.01,2.94,AW_Jul19,4804,54,6,178.0,1.13,10.51,3.27,6 - 10,6 - 10
2019-07-07,FB_Jul19,1280,46,12,134.0,3.6,26.51,2.9,AW_Jul19,4571,54,8,111.0,1.19,14.2,2.05,10 - 15,6 - 10
2019-07-08,FB_Jul19,2105,53,15,131.0,2.51,27.58,2.48,AW_Jul19,4378,55,5,137.0,1.26,8.64,2.5,10 - 15,less than 6
2019-07-09,FB_Jul19,3075,39,11,43.0,1.28,27.63,1.09,AW_Jul19,3838,57,7,134.0,1.48,12.03,2.35,10 - 15,6 - 10
2019-07-10,FB_Jul19,1153,56,12,136.0,4.89,21.77,2.41,AW_Jul19,4386,49,4,173.0,1.11,9.12,3.57,10 - 15,less than 6
2019-07-11,FB_Jul19,2001,55,12,103.0,2.76,21.81,1.86,AW_Jul19,4706,79,8,109.0,1.68,10.06,1.38,10 - 15,6 - 10
2019-07-12,FB_Jul19,2756,39,11,64.0,1.4,27.79,1.66,AW_Jul19,5673,80,7,150.0,1.41,8.75,1.88,10 - 15,6 - 10
2019-07-13,FB_Jul19,3147,50,14,103.0,1.6,27.97,2.05,AW_Jul19,4286,47,3,132.0,1.11,7.11,2.79,10 - 15,less than 6
2019-07-14,FB_Jul19,1050,27,6,114.0,2.61,23.65,4.14,AW_Jul19,5220,73,5,109.0,1.4,6.37,1.49,6 - 10,less than 6
2019-07-15,FB_Jul19,2930,65,18,47.0,2.23,27.66,0.71,AW_Jul19,5045,46,4,169.0,0.9,9.38,3.7,more than 15,less than 6
2019-07-16,FB_Jul19,2578,54,12,76.0,2.11,21.84,1.4,AW_Jul19,3857,67,7,187.0,1.75,10.93,2.77,10 - 15,6 - 10
2019-07-17,FB_Jul19,2237,56,15,52.0,2.51,27.12,0.93,AW_Jul19,4357,72,6,117.0,1.66,7.76,1.62,10 - 15,6 - 10
2019-07-18,FB_Jul19,3213,36,10,87.0,1.12,28.33,2.41,AW_Jul19,5160,81,9,190.0,1.57,11.18,2.34,6 - 10,6 - 10
2019-07-19,FB_Jul19,2241,30,10,135.0,1.33,33.47,4.53,AW_Jul19,4220,38,7,79.0,0.9,18.19,2.09,6 - 10,6 - 10
2019-07-20,FB_Jul19,2925,62,17,59.0,2.11,28.12,0.95,AW_Jul19,4253,41,4,131.0,0.97,9.85,3.17,more than 15,less than 6
2019-07-21,FB_Jul19,1254,36,10,88.0,2.85,28.38,2.45,AW_Jul19,4642,78,5,110.0,1.68,6.28,1.41,6 - 10,less than 6
2019-07-22,FB_Jul19,1374,54,13,93.0,3.92,23.72,1.73,AW_Jul19,5143,75,5,103.0,1.47,6.33,1.36,10 - 15,less than 6
2019-07-23,FB_Jul19,2658,60,13,109.0,2.27,21.66,1.8,AW_Jul19,4239,56,6,81.0,1.33,10.34,1.44,10 - 15,6 - 10
2019-07-24,FB_Jul19,1200,49,11,112.0,4.08,22.04,2.29,AW_Jul19,4867,57,8,172.0,1.17,13.78,3.03,10 - 15,6 - 10
2019-07-25,FB_Jul19,2663,64,17,47.0,2.39,26.29,0.74,AW_Jul19,4885,53,6,119.0,1.08,10.71,2.26,more than 15,6 - 10
2019-07-26,FB_Jul19,2922,42,13,69.0,1.43,31.99,1.66,AW_Jul19,4790,74,7,130.0,1.55,9.04,1.75,10 - 15,6 - 10
2019-07-27,FB_Jul19,2344,60,13,100.0,2.55,21.68,1.67,AW_Jul19,5166,75,7,181.0,1.45,9.01,2.41,10 - 15,6 - 10
2019-07-28,FB_Jul19,1102,40,13,74.0,3.66,32.41,1.83,AW_Jul19,4893,78,9,83.0,1.59,11.41,1.06,10 - 15,6 - 10
2019-07-29,FB_Jul19,2187,38,12,83.0,1.73,30.58,2.21,AW_Jul19,4290,37,3,167.0,0.86,7.7,4.51,10 - 15,less than 6
2019-07-30,FB_Jul19,2451,46,12,106.0,1.86,26.56,2.33,AW_Jul19,4601,78,8,176.0,1.69,10.14,2.27,10 - 15,6 - 10
2019-07-31,FB_Jul19,1650,51,14,44.0,3.08,27.87,0.86,AW_Jul19,5272,83,8,155.0,1.57,9.83,1.87,10 - 15,6 - 10
2019-08-01,FB_Aug19,1275,66,16,119.0,5.15,24.57,1.81,AW_Aug19,4461,41,6,111.0,0.92,14.72,2.7,more than 15,6 - 10
2019-08-02,FB_Aug19,2042,53,13,50.0,2.58,23.8,0.95,AW_Aug19,5586,59,8,115.0,1.06,13.44,1.94,10 - 15,6 - 10
2019-08-03,FB_Aug19,2717,35,8,57.0,1.27,22.89,1.64,AW_Aug19,5567,68,6,185.0,1.22,9.42,2.73,6 - 10,6 - 10
2019-08-04,FB_Aug19,1862,23,10,79.0,1.25,41.46,3.4,AW_Aug19,4683,62,5,102.0,1.32,8.23,1.64,6 - 10,less than 6
2019-08-05,FB_Aug19,2589,33,8,112.0,1.29,23.0,3.36,AW_Aug19,5624,46,3,121.0,0.81,7.19,2.66,6 - 10,less than 6
2019-08-06,FB_Aug19,2310,55,15,138.0,2.4,27.22,2.48,AW_Aug19,4099,88,9,88.0,2.14,10.7,1.0,10 - 15,6 - 10
2019-08-07,FB_Aug19,1437,58,14,66.0,4.0,23.48,1.15,AW_Aug19,4422,42,7,134.0,0.95,16.86,3.17,10 - 15,6 - 10
2019-08-08,FB_Aug19,2951,36,11,122.0,1.2,31.27,3.45,AW_Aug19,4143,54,7,141.0,1.31,12.37,2.6,10 - 15,6 - 10
2019-08-09,FB_Aug19,3014,42,12,68.0,1.39,29.57,1.62,AW_Aug19,3894,46,3,112.0,1.18,7.18,2.44,10 - 15,less than 6
2019-08-10,FB_Aug19,1080,52,14,52.0,4.82,27.68,1.0,AW_Aug19,4560,57,5,158.0,1.25,8.5,2.76,10 - 15,less than 6
2019-08-11,FB_Aug19,3041,35,10,53.0,1.16,28.47,1.49,AW_Aug19,4027,50,3,142.0,1.23,7.01,2.87,6 - 10,less than 6
2019-08-12,FB_Aug19,2382,34,8,92.0,1.41,22.98,2.73,AW_Aug19,3938,62,6,137.0,1.58,9.83,2.2,6 - 10,6 - 10
2019-08-13,FB_Aug19,2502,45,12,91.0,1.81,26.61,2.01,AW_Aug19,4494,85,8,181.0,1.89,9.72,2.13,10 - 15,6 - 10
2019-08-14,FB_Aug19,2387,26,9,54.0,1.1,35.21,2.06,AW_Aug19,5670,81,5,155.0,1.42,6.24,1.92,6 - 10,less than 6
2019-08-15,FB_Aug19,2664,23,7,72.0,0.87,28.58,3.1,AW_Aug19,5513,41,3,165.0,0.74,7.44,4.01,6 - 10,less than 6
2019-08-16,FB_Aug19,2215,56,16,46.0,2.52,28.96,0.83,AW_Aug19,3782,76,9,101.0,2.01,11.57,1.32,more than 15,6 - 10
2019-08-17,FB_Aug19,1691,47,10,127.0,2.76,22.15,2.73,AW_Aug19,3755,66,7,121.0,1.77,11.02,1.82,6 - 10,6 - 10
2019-08-18,FB_Aug19,1422,51,13,78.0,3.56,25.93,1.55,AW_Aug19,4561,70,6,122.0,1.53,9.31,1.76,10 - 15,6 - 10
2019-08-19,FB_Aug19,3175,34,8,111.0,1.06,22.98,3.3,AW_Aug19,5185,68,5,186.0,1.3,7.96,2.75,6 - 10,less than 6
2019-08-20,FB_Aug19,3119,59,14,69.0,1.88,23.41,1.18,AW_Aug19,5509,61,4,116.0,1.11,6.64,1.91,10 - 15,less than 6
2019-08-21,FB_Aug19,1865,41,11,54.0,2.21,27.26,1.3,AW_Aug19,5625,32,4,182.0,0.57,11.22,5.65,10 - 15,less than 6
2019-08-22,FB_Aug19,1754,40,9,85.0,2.26,22.52,2.14,AW_Aug19,4636,47,7,84.0,1.01,15.65,1.8,6 - 10,6 - 10
2019-08-23,FB_Aug19,2584,35,11,37.0,1.37,31.3,1.06,AW_Aug19,4380,43,6,113.0,0.98,14.35,2.64,10 - 15,6 - 10
2019-08-24,FB_Aug19,2656,40,12,91.0,1.51,29.98,2.27,AW_Aug19,4973,42,7,184.0,0.84,16.95,4.39,10 - 15,6 - 10
2019-08-25,FB_Aug19,2428,29,10,106.0,1.19,33.84,3.67,AW_Aug19,4962,63,7,150.0,1.27,11.35,2.38,6 - 10,6 - 10
2019-08-26,FB_Aug19,1062,28,9,83.0,2.66,30.64,2.93,AW_Aug19,5286,71,7,186.0,1.33,9.25,2.63,6 - 10,6 - 10
2019-08-27,FB_Aug19,3014,51,15,52.0,1.69,29.82,1.02,AW_Aug19,4979,69,7,136.0,1.38,10.84,1.98,10 - 15,6 - 10
2019-08-28,FB_Aug19,1450,41,10,107.0,2.84,24.85,2.6,AW_Aug19,4919,57,8,83.0,1.16,13.8,1.47,6 - 10,6 - 10
2019-08-29,FB_Aug19,2301,32,8,74.0,1.39,26.27,2.32,AW_Aug19,5183,58,6,186.0,1.12,10.15,3.2,6 - 10,6 - 10
2019-08-30,FB_Aug19,2739,39,11,50.0,1.41,27.79,1.3,AW_Aug19,4772,39,3,132.0,0.81,7.58,3.39,10 - 15,less than 6
2019-08-31,FB_Aug19,3186,63,15,98.0,1.98,23.16,1.54,AW_Aug19,5565,81,6,174.0,1.46,7.47,2.15,10 - 15,6 - 10
2019-09-01,FB_Sep19,1764,42,10,107.0,2.36,24.8,2.58,AW_Sep19,4179,80,9,92.0,1.91,11.25,1.15,6 - 10,6 - 10
2019-09-02,FB_Sep19,3175,51,13,93.0,1.6,25.89,1.83,AW_Sep19,4322,48,7,164.0,1.12,15.33,3.39,10 - 15,6 - 10
2019-09-03,FB_Sep19,2836,29,7,131.0,1.02,23.47,4.55,AW_Sep19,3820,74,8,87.0,1.94,10.39,1.17,6 - 10,6 - 10
2019-09-04,FB_Sep19,1227,63,18,136.0,5.12,27.96,2.16,AW_Sep19,4276,53,7,144.0,1.24,12.53,2.71,more than 15,6 - 10
2019-09-05,FB_Sep19,2160,33,11,79.0,1.51,32.27,2.42,AW_Sep19,4407,52,5,151.0,1.17,8.88,2.93,10 - 15,less than 6
2019-09-06,FB_Sep19,2241,56,15,43.0,2.51,27.1,0.76,AW_Sep19,4311,82,7,175.0,1.9,8.66,2.14,10 - 15,6 - 10
2019-09-07,FB_Sep19,2122,54,16,59.0,2.55,29.23,1.09,AW_Sep19,5480,57,4,89.0,1.04,6.75,1.55,more than 15,less than 6
2019-09-08,FB_Sep19,2589,37,11,48.0,1.42,30.87,1.3,AW_Sep19,5678,48,3,148.0,0.84,7.1,3.1,10 - 15,less than 6
2019-09-09,FB_Sep19,3038,60,13,64.0,1.98,21.66,1.07,AW_Sep19,4637,80,9,125.0,1.72,11.27,1.57,10 - 15,6 - 10
2019-09-10,FB_Sep19,3091,56,15,43.0,1.82,27.13,0.76,AW_Sep19,5245,45,7,140.0,0.85,16.19,3.14,10 - 15,6 - 10
2019-09-11,FB_Sep19,1970,65,18,120.0,3.27,27.75,1.86,AW_Sep19,4046,56,8,153.0,1.37,14.01,2.76,more than 15,6 - 10
2019-09-12,FB_Sep19,2874,33,9,60.0,1.14,26.12,1.82,AW_Sep19,3804,44,6,112.0,1.16,14.07,2.55,6 - 10,6 - 10
2019-09-13,FB_Sep19,1478,40,9,130.0,2.72,22.49,3.23,AW_Sep19,4080,70,4,124.0,1.7,6.44,1.78,6 - 10,less than 6
2019-09-14,FB_Sep19,1534,44,12,72.0,2.89,26.77,1.63,AW_Sep19,4955,64,5,178.0,1.29,8.13,2.78,10 - 15,less than 6
2019-09-15,FB_Sep19,2764,30,10,128.0,1.1,33.2,4.23,AW_Sep19,5355,65,4,78.0,1.21,6.54,1.2,6 - 10,less than 6
2019-09-16,FB_Sep19,1667,43,13,107.0,2.59,29.28,2.47,AW_Sep19,4012,61,8,136.0,1.53,13.17,2.21,10 - 15,6 - 10
2019-09-17,FB_Sep19,2563,56,14,66.0,2.17,25.39,1.18,AW_Sep19,5225,84,5,192.0,1.6,6.19,2.29,10 - 15,less than 6
2019-09-18,FB_Sep19,2158,53,15,116.0,2.44,27.6,2.21,AW_Sep19,4810,78,7,142.0,1.63,8.83,1.81,10 - 15,6 - 10
2019-09-19,FB_Sep19,2958,57,14,86.0,1.94,25.24,1.49,AW_Sep19,4777,78,6,123.0,1.64,7.56,1.58,10 - 15,6 - 10
2019-09-20,FB_Sep19,2322,57,14,48.0,2.44,25.29,0.85,AW_Sep19,4938,44,5,109.0,0.89,11.83,2.48,10 - 15,less than 6
2019-09-21,FB_Sep19,1188,38,9,127.0,3.17,22.65,3.36,AW_Sep19,5430,51,7,137.0,0.93,12.89,2.7,6 - 10,6 - 10
2019-09-22,FB_Sep19,2971,36,8,118.0,1.23,22.75,3.23,AW_Sep19,5534,60,8,144.0,1.09,13.31,2.39,6 - 10,6 - 10
2019-09-23,FB_Sep19,2024,34,8,113.0,1.67,22.96,3.36,AW_Sep19,4264,78,6,191.0,1.83,7.56,2.45,6 - 10,6 - 10
2019-09-24,FB_Sep19,1813,36,12,104.0,1.96,34.04,2.92,AW_Sep19,4363,75,9,182.0,1.73,11.63,2.41,10 - 15,6 - 10
2019-09-25,FB_Sep19,3081,47,12,130.0,1.51,26.45,2.79,AW_Sep19,4354,58,5,168.0,1.34,8.43,2.88,10 - 15,less than 6
2019-09-26,FB_Sep19,2719,57,16,56.0,2.08,28.83,1.0,AW_Sep19,5484,65,8,91.0,1.18,12.72,1.4,more than 15,6 - 10
2019-09-27,FB_Sep19,1665,62,17,71.0,3.71,28.09,1.15,AW_Sep19,5190,66,4,153.0,1.27,6.52,2.33,more than 15,less than 6
2019-09-28,FB_Sep19,1576,30,8,55.0,1.9,26.67,1.82,AW_Sep19,3961,81,6,125.0,2.04,7.48,1.55,6 - 10,6 - 10
2019-09-29,FB_Sep19,2437,61,16,115.0,2.49,26.6,1.89,AW_Sep19,3950,38,4,177.0,0.96,10.26,4.67,more than 15,less than 6
2019-09-30,FB_Sep19,2860,52,14,57.0,1.81,27.71,1.1,AW_Sep19,4488,60,6,134.0,1.33,10.01,2.24,10 - 15,6 - 10
2019-10-01,FB_Oct19,2145,62,17,60.0,2.91,28.03,0.97,AW_Oct19,5320,53,6,118.0,1.0,10.63,2.21,more than 15,6 - 10
2019-10-02,FB_Oct19,3218,56,12,119.0,1.73,21.79,2.14,AW_Oct19,5026,71,7,150.0,1.42,9.21,2.1,10 - 15,6 - 10
2019-10-03,FB_Oct19,1641,58,16,94.0,3.56,26.85,1.62,AW_Oct19,5053,50,7,180.0,1.0,12.94,3.57,more than 15,6 - 10
2019-10-04,FB_Oct19,2525,69,19,82.0,2.72,27.27,1.19,AW_Oct19,4484,43,5,92.0,0.95,12.03,2.16,more than 15,less than 6
2019-10-05,FB_Oct19,2496,57,13,122.0,2.28,23.52,2.16,AW_Oct19,5098,77,5,95.0,1.52,6.29,1.22,10 - 15,less than 6
2019-10-06,FB_Oct19,1707,25,9,115.0,1.49,35.75,4.53,AW_Oct19,5652,40,5,185.0,0.71,12.47,4.62,6 - 10,less than 6
2019-10-07,FB_Oct19,2237,35,9,113.0,1.57,25.7,3.22,AW_Oct19,3906,70,6,129.0,1.78,9.3,1.85,6 - 10,6 - 10
2019-10-08,FB_Oct19,3106,42,9,48.0,1.34,22.4,1.16,AW_Oct19,4218,71,7,143.0,1.69,9.2,2.0,6 - 10,6 - 10
2019-10-09,FB_Oct19,2815,55,15,62.0,1.95,27.29,1.14,AW_Oct19,4545,66,5,162.0,1.45,8.04,2.46,10 - 15,less than 6
2019-10-10,FB_Oct19,1916,36,11,53.0,1.87,31.14,1.47,AW_Oct19,4817,80,6,168.0,1.66,7.5,2.09,10 - 15,6 - 10
2019-10-11,FB_Oct19,1656,28,8,106.0,1.67,27.22,3.83,AW_Oct19,4758,43,6,99.0,0.9,14.31,2.31,6 - 10,6 - 10
2019-10-12,FB_Oct19,3055,39,10,57.0,1.27,25.14,1.46,AW_Oct19,4744,50,4,82.0,1.05,9.02,1.66,6 - 10,less than 6
2019-10-13,FB_Oct19,2107,36,8,122.0,1.71,22.78,3.38,AW_Oct19,5185,89,6,164.0,1.71,7.25,1.84,6 - 10,6 - 10
2019-10-14,FB_Oct19,2876,58,13,134.0,2.01,21.73,2.32,AW_Oct19,5002,68,8,104.0,1.37,12.3,1.53,10 - 15,6 - 10
2019-10-15,FB_Oct19,2093,44,11,114.0,2.12,24.5,2.56,AW_Oct19,5443,52,4,153.0,0.96,6.91,2.93,10 - 15,less than 6
2019-10-16,FB_Oct19,1829,51,12,81.0,2.77,23.95,1.61,AW_Oct19,3920,51,8,87.0,1.31,14.76,1.7,10 - 15,6 - 10
2019-10-17,FB_Oct19,1268,46,14,51.0,3.64,30.85,1.11,AW_Oct19,5167,40,7,104.0,0.78,17.45,2.58,10 - 15,6 - 10
2019-10-18,FB_Oct19,1291,51,11,124.0,3.96,21.96,2.43,AW_Oct19,5279,40,3,110.0,0.76,7.5,2.76,10 - 15,less than 6
2019-10-19,FB_Oct19,2031,53,13,120.0,2.6,23.8,2.27,AW_Oct19,3751,50,5,139.0,1.35,8.96,2.76,10 - 15,less than 6
2019-10-20,FB_Oct19,2565,49,13,126.0,1.91,26.11,2.56,AW_Oct19,3800,65,5,88.0,1.71,8.09,1.35,10 - 15,less than 6
2019-10-21,FB_Oct19,2765,65,16,92.0,2.36,24.6,1.41,AW_Oct19,4981,47,7,109.0,0.95,15.55,2.3,more than 15,6 - 10
2019-10-22,FB_Oct19,1654,63,18,43.0,3.8,27.96,0.68,AW_Oct19,5566,77,5,74.0,1.39,6.3,0.96,more than 15,less than 6
2019-10-23,FB_Oct19,2006,70,17,99.0,3.48,24.29,1.41,AW_Oct19,5283,55,6,99.0,1.05,10.42,1.79,more than 15,6 - 10
2019-10-24,FB_Oct19,2372,43,11,89.0,1.8,24.69,2.09,AW_Oct19,5473,74,6,193.0,1.35,7.7,2.6,10 - 15,6 - 10
2019-10-25,FB_Oct19,1932,46,13,84.0,2.4,28.64,1.82,AW_Oct19,4361,76,8,153.0,1.75,10.25,2.01,10 - 15,6 - 10
2019-10-26,FB_Oct19,2905,62,13,124.0,2.15,21.6,1.98,AW_Oct19,5096,52,8,149.0,1.03,14.57,2.85,10 - 15,6 - 10
2019-10-27,FB_Oct19,1429,56,12,124.0,3.95,21.77,2.2,AW_Oct19,4569,67,7,77.0,1.47,10.94,1.14,10 - 15,6 - 10
2019-10-28,FB_Oct19,1618,54,16,126.0,3.34,29.24,2.33,AW_Oct19,3770,48,4,144.0,1.29,9.13,2.97,more than 15,less than 6
2019-10-29,FB_Oct19,1476,34,10,130.0,2.32,28.77,3.81,AW_Oct19,4597,63,7,82.0,1.37,11.35,1.3,6 - 10,6 - 10
2019-10-30,FB_Oct19,2399,64,18,70.0,2.65,27.86,1.11,AW_Oct19,4576,54,6,179.0,1.17,10.6,3.34,more than 15,6 - 10
2019-10-31,FB_Oct19,2902,64,18,85.0,2.21,27.8,1.32,AW_Oct19,4039,38,5,189.0,0.94,12.93,4.99,more than 15,less than 6
2019-11-01,FB_Nov19,1642,71,16,48.0,4.31,22.83,0.68,AW_Nov19,4442,75,8,102.0,1.7,10.3,1.36,more than 15,6 - 10
2019-11-02,FB_Nov19,2591,28,10,127.0,1.07,34.49,4.59,AW_Nov19,3796,73,6,115.0,1.93,7.73,1.57,6 - 10,6 - 10
2019-11-03,FB_Nov19,1648,39,11,83.0,2.39,27.61,2.11,AW_Nov19,4531,52,4,142.0,1.15,6.91,2.72,10 - 15,less than 6
2019-11-04,FB_Nov19,2429,53,13,102.0,2.17,23.8,1.94,AW_Nov19,5122,49,6,97.0,0.96,13.1,1.95,10 - 15,6 - 10
2019-11-05,FB_Nov19,1739,35,9,95.0,2.01,25.73,2.72,AW_Nov19,5622,47,3,135.0,0.83,7.14,2.88,6 - 10,less than 6
2019-11-06,FB_Nov19,2857,46,11,73.0,1.6,24.39,1.59,AW_Nov19,4832,65,8,166.0,1.34,12.7,2.56,10 - 15,6 - 10
2019-11-07,FB_Nov19,2722,33,8,69.0,1.2,23.05,2.1,AW_Nov19,5555,79,9,111.0,1.42,11.32,1.4,6 - 10,6 - 10
2019-11-08,FB_Nov19,1606,40,11,61.0,2.49,27.5,1.53,AW_Nov19,5263,43,5,111.0,0.82,11.99,2.59,10 - 15,less than 6
2019-11-09,FB_Nov19,1523,38,13,83.0,2.48,33.23,2.19,AW_Nov19,4655,58,4,117.0,1.25,6.71,2.0,10 - 15,less than 6
2019-11-10,FB_Nov19,2297,57,12,135.0,2.47,21.76,2.38,AW_Nov19,4561,52,4,73.0,1.14,6.92,1.4,10 - 15,less than 6
2019-11-11,FB_Nov19,2912,65,16,43.0,2.22,24.63,0.66,AW_Nov19,5432,44,4,189.0,0.81,9.57,4.32,more than 15,less than 6
2019-11-12,FB_Nov19,1655,61,14,38.0,3.71,23.26,0.61,AW_Nov19,4704,44,4,174.0,0.93,9.57,3.96,10 - 15,less than 6
2019-11-13,FB_Nov19,2377,43,11,112.0,1.81,24.65,2.61,AW_Nov19,4493,61,5,181.0,1.35,8.29,2.99,10 - 15,less than 6
2019-11-14,FB_Nov19,1272,48,12,94.0,3.73,24.21,1.99,AW_Nov19,5203,84,6,95.0,1.61,7.39,1.13,10 - 15,6 - 10
2019-11-15,FB_Nov19,2725,64,17,88.0,2.33,26.29,1.38,AW_Nov19,3816,53,7,131.0,1.4,12.49,2.46,more than 15,6 - 10
2019-11-16,FB_Nov19,2339,37,12,106.0,1.58,33.55,2.88,AW_Nov19,4171,60,6,172.0,1.44,10.0,2.86,10 - 15,6 - 10
2019-11-17,FB_Nov19,1956,51,11,80.0,2.59,21.97,1.59,AW_Nov19,3837,79,8,126.0,2.06,10.06,1.59,10 - 15,6 - 10
2019-11-18,FB_Nov19,2681,59,14,83.0,2.19,23.4,1.41,AW_Nov19,4892,85,8,130.0,1.74,9.71,1.53,10 - 15,6 - 10
2019-11-19,FB_Nov19,2919,59,16,103.0,2.02,26.78,1.74,AW_Nov19,5701,74,8,86.0,1.3,10.41,1.16,more than 15,6 - 10
2019-11-20,FB_Nov19,1404,34,9,91.0,2.41,25.9,2.68,AW_Nov19,5067,69,5,197.0,1.37,7.88,2.84,6 - 10,less than 6
2019-11-21,FB_Nov19,1455,57,12,76.0,3.93,21.75,1.34,AW_Nov19,3825,51,5,114.0,1.32,8.95,2.25,10 - 15,less than 6
2019-11-22,FB_Nov19,2134,36,10,72.0,1.66,28.45,2.04,AW_Nov19,4358,51,6,187.0,1.18,10.83,3.63,6 - 10,6 - 10
2019-11-23,FB_Nov19,2523,57,16,125.0,2.25,28.8,2.19,AW_Nov19,4019,81,8,87.0,2.02,9.93,1.07,more than 15,6 - 10
2019-11-24,FB_Nov19,3000,55,16,60.0,1.85,29.03,1.09,AW_Nov19,5525,70,7,142.0,1.26,10.75,2.03,more than 15,6 - 10
2019-11-25,FB_Nov19,2489,32,8,59.0,1.29,26.21,1.82,AW_Nov19,5011,58,5,128.0,1.16,8.45,2.21,6 - 10,less than 6
2019-11-26,FB_Nov19,1936,56,12,142.0,2.89,21.79,2.53,AW_Nov19,4646,77,5,187.0,1.66,6.3,2.42,10 - 15,less than 6
2019-11-27,FB_Nov19,1960,68,15,109.0,3.45,21.48,1.61,AW_Nov19,4721,58,8,162.0,1.23,13.6,2.79,10 - 15,6 - 10
2019-11-28,FB_Nov19,2821,49,11,55.0,1.75,22.03,1.12,AW_Nov19,4151,46,3,119.0,1.1,7.19,2.6,10 - 15,less than 6
2019-11-29,FB_Nov19,2040,40,11,64.0,1.98,27.43,1.59,AW_Nov19,5211,41,7,159.0,0.78,17.24,3.89,10 - 15,6 - 10
2019-11-30,FB_Nov19,2114,56,13,71.0,2.67,23.55,1.26,AW_Nov19,4983,68,5,103.0,1.36,7.96,1.52,10 - 15,less than 6
2019-12-01,FB_Dec19,1669,59,17,66.0,3.51,28.55,1.14,AW_Dec19,4597,67,5,166.0,1.45,8.0,2.49,more than 15,less than 6
2019-12-02,FB_Dec19,2770,37,11,99.0,1.32,30.9,2.71,AW_Dec19,4870,45,3,131.0,0.93,7.2,2.88,10 - 15,less than 6
2019-12-03,FB_Dec19,2496,67,18,99.0,2.68,27.47,1.47,AW_Dec19,5171,42,6,92.0,0.81,14.6,2.21,more than 15,6 - 10
2019-12-04,FB_Dec19,2428,36,9,142.0,1.49,25.52,3.92,AW_Dec19,4823,50,5,112.0,1.04,8.98,2.23,6 - 10,less than 6
2019-12-05,FB_Dec19,1686,33,8,112.0,1.95,23.04,3.4,AW_Dec19,5370,75,9,82.0,1.39,11.71,1.1,6 - 10,6 - 10
2019-12-06,FB_Dec19,2314,37,10,52.0,1.58,28.2,1.43,AW_Dec19,4406,59,6,98.0,1.34,10.08,1.66,6 - 10,6 - 10
2019-12-07,FB_Dec19,2386,45,12,126.0,1.9,26.61,2.76,AW_Dec19,5321,70,5,135.0,1.32,6.43,1.93,10 - 15,less than 6
2019-12-08,FB_Dec19,2675,67,15,117.0,2.49,23.0,1.76,AW_Dec19,4837,44,3,177.0,0.9,7.29,4.04,10 - 15,less than 6
2019-12-09,FB_Dec19,2874,36,9,121.0,1.24,25.6,3.38,AW_Dec19,4022,85,7,186.0,2.11,8.53,2.19,6 - 10,6 - 10
2019-12-10,FB_Dec19,1556,67,14,102.0,4.33,21.48,1.51,AW_Dec19,4718,31,4,139.0,0.66,11.41,4.46,10 - 15,less than 6
2019-12-11,FB_Dec19,2281,61,15,60.0,2.67,24.92,0.98,AW_Dec19,5335,50,5,148.0,0.93,11.04,2.97,10 - 15,less than 6
2019-12-12,FB_Dec19,1419,53,13,56.0,3.7,23.81,1.06,AW_Dec19,5167,54,4,145.0,1.05,6.85,2.68,10 - 15,less than 6
2019-12-13,FB_Dec19,1213,64,14,142.0,5.29,21.56,2.21,AW_Dec19,5190,55,7,148.0,1.06,12.25,2.68,10 - 15,6 - 10
2019-12-14,FB_Dec19,1140,46,13,46.0,3.99,28.79,1.0,AW_Dec19,4786,59,5,97.0,1.23,8.4,1.65,10 - 15,less than 6
2019-12-15,FB_Dec19,2247,45,11,129.0,2.0,24.44,2.86,AW_Dec19,5500,77,5,101.0,1.4,6.3,1.31,10 - 15,less than 6
2019-12-16,FB_Dec19,2930,72,16,124.0,2.46,22.77,1.72,AW_Dec19,4089,89,5,118.0,2.17,6.13,1.33,more than 15,less than 6
2019-12-17,FB_Dec19,3060,40,11,84.0,1.31,27.46,2.08,AW_Dec19,5468,64,6,166.0,1.17,9.7,2.59,10 - 15,6 - 10
2019-12-18,FB_Dec19,2030,54,13,122.0,2.68,23.68,2.25,AW_Dec19,5461,57,5,130.0,1.05,8.49,2.27,10 - 15,less than 6
2019-12-19,FB_Dec19,3116,58,13,135.0,1.87,21.72,2.31,AW_Dec19,4993,74,7,150.0,1.49,9.05,2.02,10 - 15,6 - 10
2019-12-20,FB_Dec19,2478,39,12,50.0,1.55,30.39,1.31,AW_Dec19,5760,59,7,129.0,1.03,11.76,2.17,10 - 15,6 - 10
2019-12-21,FB_Dec19,2146,62,13,83.0,2.88,21.62,1.34,AW_Dec19,5210,41,3,136.0,0.79,7.42,3.3,10 - 15,less than 6
2019-12-22,FB_Dec19,2448,73,18,134.0,2.98,24.12,1.84,AW_Dec19,4462,64,8,86.0,1.43,12.82,1.35,more than 15,6 - 10
2019-12-23,FB_Dec19,2759,48,12,139.0,1.74,24.18,2.89,AW_Dec19,4581,45,3,80.0,0.98,7.22,1.78,10 - 15,less than 6
2019-12-24,FB_Dec19,2031,63,17,87.0,3.1,26.35,1.38,AW_Dec19,4235,34,6,108.0,0.81,16.68,3.16,more than 15,6 - 10
2019-12-25,FB_Dec19,2386,63,18,77.0,2.64,27.95,1.22,AW_Dec19,5018,77,5,146.0,1.54,6.29,1.88,more than 15,less than 6
2019-12-26,FB_Dec19,1338,33,12,119.0,2.48,35.06,3.6,AW_Dec19,4758,38,7,91.0,0.8,18.09,2.37,10 - 15,6 - 10
2019-12-27,FB_Dec19,3240,51,13,63.0,1.57,25.89,1.24,AW_Dec19,5332,72,9,76.0,1.35,11.92,1.06,10 - 15,6 - 10
2019-12-28,FB_Dec19,1510,69,18,97.0,4.55,25.82,1.42,AW_Dec19,3887,49,6,121.0,1.27,13.1,2.46,more than 15,6 - 10
2019-12-29,FB_Dec19,2918,44,13,49.0,1.5,29.11,1.11,AW_Dec19,5327,62,6,128.0,1.16,9.85,2.08,10 - 15,6 - 10
2019-12-30,FB_Dec19,2212,37,8,102.0,1.68,22.7,2.75,AW_Dec19,4020,71,6,119.0,1.76,7.83,1.68,6 - 10,6 - 10
2019-12-31,FB_Dec19,1470,60,17,99.0,4.06,28.38,1.65,AW_Dec19,4592,47,6,86.0,1.01,13.6,1.85,more than 15,6 - 10
